ds,yhat,yhat_lower,yhat_upper
2025-12-18 00:00:00,24.46809,23.209995,26.680063
2025-12-18 01:00:00,24.904789,23.187727,26.71758
2025-12-18 02:00:00,25.407879,23.890726,26.71774
2025-12-18 03:00:00,25.837692,24.187088,27.23787
2025-12-18 04:00:00,26.148642,24.328789,27.647623
2025-12-18 05:00:00,27.69775,25.790833,29.583801
2025-12-18 06:00:00,31.610287,29.227869,33.60061
2025-12-18 07:00:00,37.07381,34.03829,38.81935
2025-12-18 08:00:00,43.39406,38.892826,45.12937
2025-12-18 09:00:00,51.6806,48.077354,54.86836
2025-12-18 10:00:00,60.218994,56.918118,63.057083
2025-12-18 11:00:00,70.208305,65.57598,74.380196
2025-12-18 12:00:00,75.40672,71.568184,82.4886
2025-12-18 13:00:00,78.442856,72.80037,82.92755
2025-12-18 14:00:00,77.49879,73.254265,78.87929
2025-12-18 15:00:00,76.28772,71.32915,78.42873
2025-12-18 16:00:00,71.08127,66.11106,71.88207
2025-12-18 17:00:00,63.55542,59.631752,68.720276
2025-12-18 18:00:00,56.62301,53.963337,61.801132
2025-12-18 19:00:00,50.166443,45.871025,55.22069
2025-12-18 20:00:00,42.370186,39.961742,45.50468
2025-12-18 21:00:00,36.35278,32.987926,39.082203
2025-12-18 22:00:00,31.468685,29.16426,33.85207
2025-12-18 23:00:00,28.399012,26.606184,30.463373
2025-12-19 00:00:00,23.90127,21.90494,25.566734
2025-12-19 01:00:00,23.919909,21.965708,25.860884
2025-12-19 02:00:00,24.164787,23.082531,25.910591
2025-12-19 03:00:00,25.258942,23.160784,26.844223
2025-12-19 04:00:00,26.409267,24.455713,27.551327
2025-12-19 05:00:00,29.570353,27.359703,31.089087
2025-12-19 06:00:00,33.49338,31.018423,35.30916
2025-12-19 07:00:00,37.026524,34.017742,38.801006
2025-12-19 08:00:00,42.085793,38.50513,45.522827
2025-12-19 09:00:00,46.69982,43.768684,49.33383
2025-12-19 10:00:00,55.771366,50.977478,60.190372
2025-12-19 11:00:00,62.581726,58.406693,67.237114
2025-12-19 12:00:00,72.02457,68.414764,78.05832
2025-12-19 13:00:00,78.610504,72.078415,82.86514
2025-12-19 14:00:00,81.17502,74.77709,85.041435
2025-12-19 15:00:00,79.68757,74.82114,84.18514
2025-12-19 16:00:00,73.491615,66.98038,78.466545
2025-12-19 17:00:00,67.24297,59.975616,71.28486
2025-12-19 18:00:00,56.644543,54.383476,61.844696
2025-12-19 19:00:00,49.35656,45.740047,54.489258
2025-12-19 20:00:00,40.984573,38.55647,43.9979
2025-12-19 21:00:00,35.96133,33.54097,39.07148
2025-12-19 22:00:00,31.436365,29.27433,33.827705
2025-12-19 23:00:00,28.692928,26.85028,30.133638
2025-12-20 00:00:00,14.42958,13.438357,20.445513
2025-12-20 01:00:00,14.498327,13.607239,16.806427
2025-12-20 02:00:00,14.782064,13.969912,16.20249
2025-12-20 03:00:00,14.476153,13.586629,16.20249
2025-12-20 04:00:00,15.958535,15.010187,17.204393
2025-12-20 05:00:00,17.362545,16.492947,18.606455
2025-12-20 06:00:00,20.061245,17.947844,21.1698
2025-12-20 07:00:00,21.633978,19.327766,22.484425
2025-12-20 08:00:00,26.236374,24.359812,27.879215
2025-12-20 09:00:00,30.126017,29.091171,33.778095
2025-12-20 10:00:00,37.048878,34.39692,40.428944
2025-12-20 11:00:00,40.958076,38.920284,43.209324
2025-12-20 12:00:00,44.50393,42.482113,48.08735
2025-12-20 13:00:00,46.43495,45.971992,48.744896
2025-12-20 14:00:00,48.840237,45.233894,51.068363
2025-12-20 15:00:00,46.107883,44.702442,50.51525
2025-12-20 16:00:00,44.331852,40.645115,47.687504
2025-12-20 17:00:00,39.01861,36.09536,39.37622
2025-12-20 18:00:00,32.66651,32.347244,37.107723
2025-12-20 19:00:00,29.545368,26.652609,32.456623
2025-12-20 20:00:00,26.22888,23.869484,27.306202
2025-12-20 21:00:00,21.979572,19.79308,22.954739
2025-12-20 22:00:00,19.390203,17.693947,20.32387
2025-12-20 23:00:00,17.346344,16.177788,19.105474
2025-12-21 00:00:00,14.849104,13.517181,16.62907
2025-12-21 01:00:00,14.577432,13.692692,16.586798
2025-12-21 02:00:00,14.894185,13.905376,16.09819
2025-12-21 03:00:00,15.207006,14.094227,16.09819
2025-12-21 04:00:00,15.339001,14.109121,16.110905
2025-12-21 05:00:00,16.941763,15.615582,16.887186
2025-12-21 06:00:00,18.728182,16.817032,18.96162
2025-12-21 07:00:00,20.52692,19.50136,22.251858
2025-12-21 08:00:00,25.440166,23.685936,26.863285
2025-12-21 09:00:00,29.630388,27.263182,30.74345
2025-12-21 10:00:00,35.524357,33.1604,36.677288
2025-12-21 11:00:00,39.884636,36.60242,42.066887
2025-12-21 12:00:00,42.8112,38.97359,47.05295
2025-12-21 13:00:00,45.7077,41.42231,47.87542
2025-12-21 14:00:00,48.213474,42.975304,51.494507
2025-12-21 15:00:00,46.821545,44.95444,50.622772
2025-12-21 16:00:00,44.450047,40.522095,48.714336
2025-12-21 17:00:00,40.253006,36.423443,43.120613
2025-12-21 18:00:00,34.26761,32.172012,37.191372
2025-12-21 19:00:00,29.793217,27.251724,31.757425
2025-12-21 20:00:00,25.496775,23.850235,27.61436
2025-12-21 21:00:00,22.896341,20.400532,23.81659
2025-12-21 22:00:00,19.624105,18.74259,22.234503
2025-12-21 23:00:00,17.527384,16.695135,20.172031
2025-12-22 00:00:00,24.167,22.296883,25.264475
2025-12-22 01:00:00,24.422451,22.432623,26.118042
2025-12-22 02:00:00,24.44027,23.289572,26.117697
2025-12-22 03:00:00,25.904745,24.137846,27.608416
2025-12-22 04:00:00,26.435802,24.267221,27.933561
2025-12-22 05:00:00,28.336346,26.483942,30.795443
2025-12-22 06:00:00,31.192825,29.455048,33.384632
2025-12-22 07:00:00,35.36164,32.472794,38.510536
2025-12-22 08:00:00,41.22483,37.364487,42.49705
2025-12-22 09:00:00,45.97228,42.43058,48.559437
2025-12-22 10:00:00,55.037796,49.411453,57.188038
2025-12-22 11:00:00,63.92851,58.351654,65.8125
2025-12-22 12:00:00,74.70527,71.15734,78.770004
2025-12-22 13:00:00,83.2694,75.51895,87.23257
2025-12-22 14:00:00,85.05614,78.46215,90.99487
2025-12-22 15:00:00,80.84706,74.4697,84.45034
2025-12-22 16:00:00,70.93855,69.42163,71.8328
2025-12-22 17:00:00,63.40076,60.519547,67.597946
2025-12-22 18:00:00,57.05165,53.293728,59.630703
2025-12-22 19:00:00,51.497135,47.2467,57.044647
2025-12-22 20:00:00,42.263504,38.461563,44.049248
2025-12-22 21:00:00,36.243435,34.022198,39.38854
2025-12-22 22:00:00,31.853676,30.168718,34.57745
2025-12-22 23:00:00,28.38835,26.998165,30.570452
2025-12-23 00:00:00,24.002895,22.02949,26.066074
2025-12-23 01:00:00,23.894676,22.071714,26.04484
2025-12-23 02:00:00,24.524305,22.79286,26.169098
2025-12-23 03:00:00,25.859886,24.385136,27.447014
2025-12-23 04:00:00,28.037722,26.124065,30.62623
2025-12-23 05:00:00,30.01239,27.753576,32.092186
2025-12-23 06:00:00,31.615955,29.49968,33.464165
2025-12-23 07:00:00,37.14227,34.67461,39.717007
2025-12-23 08:00:00,43.699646,39.547523,47.015198
2025-12-23 09:00:00,49.81421,46.850418,53.13687
2025-12-23 10:00:00,58.997433,54.411087,60.559353
2025-12-23 11:00:00,63.65655,59.73511,66.97344
2025-12-23 12:00:00,73.61929,71.54707,80.06445
2025-12-23 13:00:00,77.4996,72.9184,83.39283
2025-12-23 14:00:00,79.98818,74.630974,85.413124
2025-12-23 15:00:00,76.54164,72.118195,79.65782
2025-12-23 16:00:00,71.65182,67.69436,75.23963
2025-12-23 17:00:00,63.73267,60.362644,68.59097
2025-12-23 18:00:00,57.27013,52.08982,61.95383
2025-12-23 19:00:00,47.189846,44.933807,50.790215
2025-12-23 20:00:00,40.277306,38.263027,43.163563
2025-12-23 21:00:00,35.701054,32.944614,37.859226
2025-12-23 22:00:00,31.518457,29.575897,34.169193
2025-12-23 23:00:00,28.774164,26.655254,30.620565
2025-12-24 00:00:00,23.96608,22.008204,25.782677
2025-12-24 01:00:00,23.990772,21.836647,25.764587
2025-12-24 02:00:00,23.881681,21.750084,26.30934
2025-12-24 03:00:00,25.010963,23.280191,26.773512
2025-12-24 04:00:00,27.214102,25.518879,29.66777
2025-12-24 05:00:00,30.01979,27.80576,32.218334
2025-12-24 06:00:00,33.32546,31.962225,36.22992
2025-12-24 07:00:00,38.25822,35.92661,41.6457
2025-12-24 08:00:00,43.240097,40.64132,44.862663
2025-12-24 09:00:00,48.703857,46.55622,52.511593
2025-12-24 10:00:00,57.19664,51.731228,60.443462
2025-12-24 11:00:00,65.32529,61.706768,71.38178
2025-12-24 12:00:00,71.0587,67.169525,78.165825
2025-12-24 13:00:00,76.97501,69.02289,80.816124
2025-12-24 14:00:00,77.67416,69.47516,79.14176
2025-12-24 15:00:00,77.50211,68.83914,79.06559
2025-12-24 16:00:00,72.32754,66.613945,75.6505
2025-12-24 17:00:00,67.42604,58.037148,71.401474
2025-12-24 18:00:00,57.816128,53.106472,63.636265
2025-12-24 19:00:00,51.00436,45.64534,54.386547
2025-12-24 20:00:00,42.687897,38.630375,44.072346
2025-12-24 21:00:00,35.855537,33.58908,39.14707
2025-12-24 22:00:00,31.48589,29.63929,34.24565
2025-12-24 23:00:00,28.382753,26.834078,30.64164
2025-12-25 00:00:00,23.946178,22.035172,25.827005
2025-12-25 01:00:00,23.764034,22.058832,25.399054
2025-12-25 02:00:00,24.12647,22.997961,25.732456
2025-12-25 03:00:00,25.703802,23.9548,26.957392
2025-12-25 04:00:00,27.331232,25.604763,29.796888
2025-12-25 05:00:00,29.029427,27.358301,31.460098
2025-12-25 06:00:00,31.5868,29.539278,33.389214
2025-12-25 07:00:00,36.92501,33.88748,38.638664
2025-12-25 08:00:00,42.83272,38.593178,45.285797
2025-12-25 09:00:00,50.972248,46.622383,53.253597
2025-12-25 10:00:00,58.844387,54.280697,61.183002
2025-12-25 11:00:00,64.41986,61.443356,71.35601
2025-12-25 12:00:00,71.2381,66.789894,75.74791
2025-12-25 13:00:00,77.61728,69.016785,81.00347
2025-12-25 14:00:00,80.28759,71.829575,84.23739
2025-12-25 15:00:00,78.62621,71.09223,84.09293
2025-12-25 16:00:00,74.287636,69.05493,80.72108
2025-12-25 17:00:00,64.71453,60.522045,70.393936
2025-12-25 18:00:00,56.640614,54.260056,61.995853
2025-12-25 19:00:00,49.37919,45.726562,54.311203
2025-12-25 20:00:00,42.574135,39.78699,44.727264
2025-12-25 21:00:00,36.335686,33.28265,39.25769
2025-12-25 22:00:00,31.128845,28.909466,33.110676
2025-12-25 23:00:00,28.405916,26.818502,30.408636
2025-12-26 00:00:00,24.474617,23.177444,26.749582
2025-12-26 01:00:00,24.187683,22.31209,25.886618
2025-12-26 02:00:00,24.165281,23.170204,25.884697
2025-12-26 03:00:00,24.463192,23.170204,26.218348
2025-12-26 04:00:00,26.503227,24.325325,27.79608
2025-12-26 05:00:00,28.69882,26.757355,30.10299
2025-12-26 06:00:00,30.360804,28.029293,31.875385
2025-12-26 07:00:00,33.603966,31.069305,35.703995
2025-12-26 08:00:00,40.427975,36.388493,41.78302
2025-12-26 09:00:00,47.32008,44.093197,49.19715
2025-12-26 10:00:00,55.896973,50.293667,60.024494
2025-12-26 11:00:00,65.37817,61.706768,71.377144
2025-12-26 12:00:00,73.793686,68.16547,78.53151
2025-12-26 13:00:00,75.94355,70.30737,80.8303
2025-12-26 14:00:00,78.20093,70.80806,83.68376
2025-12-26 15:00:00,76.808945,68.83609,78.94361
2025-12-26 16:00:00,71.69826,65.7235,75.65035
2025-12-26 17:00:00,65.566696,60.54586,70.48798
2025-12-26 18:00:00,58.67092,53.586246,63.352722
2025-12-26 19:00:00,51.36417,46.409557,58.138954
2025-12-26 20:00:00,43.04248,39.433178,45.310524
2025-12-26 21:00:00,36.32056,32.861458,38.99137
2025-12-26 22:00:00,30.914299,28.536665,32.5398
2025-12-26 23:00:00,28.365139,24.752176,29.794138
2025-12-27 00:00:00,14.961296,13.525757,20.312899
2025-12-27 01:00:00,14.515676,13.613799,17.246618
2025-12-27 02:00:00,14.5550165,13.924204,16.20249
2025-12-27 03:00:00,15.472682,14.365805,16.725811
2025-12-27 04:00:00,15.999074,15.064591,17.415148
2025-12-27 05:00:00,17.226084,16.303791,18.412321
2025-12-27 06:00:00,19.090322,18.184698,20.87148
2025-12-27 07:00:00,21.190151,19.333525,22.426905
2025-12-27 08:00:00,26.008482,23.600655,27.009232
2025-12-27 09:00:00,29.887535,28.195892,31.98453
2025-12-27 10:00:00,34.849094,32.95131,38.614895
2025-12-27 11:00:00,39.357704,36.919025,42.557777
2025-12-27 12:00:00,44.31559,41.701344,47.57998
2025-12-27 13:00:00,46.767883,44.651417,49.20179
2025-12-27 14:00:00,48.26646,43.082058,51.02726
2025-12-27 15:00:00,48.22887,46.45881,52.889256
2025-12-27 16:00:00,47.613266,45.068302,50.347378
2025-12-27 17:00:00,40.386307,38.751064,43.20501
2025-12-27 18:00:00,33.993774,32.245438,38.179066
2025-12-27 19:00:00,29.905323,26.57197,33.132233
2025-12-27 20:00:00,25.08481,23.674833,26.489517
2025-12-27 21:00:00,21.376879,19.770224,23.398579
2025-12-27 22:00:00,18.04006,16.669151,19.951908
2025-12-27 23:00:00,17.28741,15.703679,18.577013
2025-12-28 00:00:00,14.576365,13.442175,16.859577
2025-12-28 01:00:00,14.528322,13.592332,16.268068
2025-12-28 02:00:00,14.840416,13.982337,16.217
2025-12-28 03:00:00,15.155083,14.030624,16.254274
2025-12-28 04:00:00,15.403603,14.298974,16.033937
2025-12-28 05:00:00,17.265848,16.156384,18.370733
2025-12-28 06:00:00,19.01358,17.624418,19.47744
2025-12-28 07:00:00,21.421507,20.667854,22.999996
2025-12-28 08:00:00,25.816006,23.695358,26.958616
2025-12-28 09:00:00,28.934395,27.027945,29.541958
2025-12-28 10:00:00,34.836094,31.32866,36.047554
2025-12-28 11:00:00,41.253304,37.44156,42.546635
2025-12-28 12:00:00,46.083897,41.300053,49.29536
2025-12-28 13:00:00,46.90413,44.716484,50.779152
2025-12-28 14:00:00,47.462467,43.1996,49.528652
2025-12-28 15:00:00,46.031685,42.004868,49.307198
2025-12-28 16:00:00,44.451385,40.626194,49.083347
2025-12-28 17:00:00,40.393982,35.750793,43.16759
2025-12-28 18:00:00,35.288345,32.04776,37.350296
2025-12-28 19:00:00,29.810558,27.2566,31.694231
2025-12-28 20:00:00,25.316902,23.774906,27.561989
2025-12-28 21:00:00,22.913435,20.36642,23.6391
2025-12-28 22:00:00,19.658098,18.562222,21.729975
2025-12-28 23:00:00,17.278128,16.280565,18.556395
2025-12-29 00:00:00,24.115343,22.294249,24.49766
2025-12-29 01:00:00,23.749113,21.988842,24.999134
2025-12-29 02:00:00,24.499739,23.386715,26.233461
2025-12-29 03:00:00,24.848385,23.46874,27.150385
2025-12-29 04:00:00,26.931164,25.027008,29.380943
2025-12-29 05:00:00,28.687328,26.558226,31.039867
2025-12-29 06:00:00,32.438267,30.286716,35.38596
2025-12-29 07:00:00,38.64046,35.714523,41.533703
2025-12-29 08:00:00,45.705578,39.732315,48.03583
2025-12-29 09:00:00,51.571228,45.616055,54.812572
2025-12-29 10:00:00,58.80169,53.159225,61.669975
2025-12-29 11:00:00,65.502556,61.698948,70.22402
2025-12-29 12:00:00,72.27077,68.042946,77.736496
2025-12-29 13:00:00,80.3936,73.32824,84.0909
2025-12-29 14:00:00,81.9913,76.321945,85.730606
2025-12-29 15:00:00,80.47192,69.117004,84.610916
2025-12-29 16:00:00,72.99866,68.3807,78.3607
2025-12-29 17:00:00,67.290924,61.259792,71.70502
2025-12-29 18:00:00,57.988537,52.25686,61.94338
2025-12-29 19:00:00,48.784863,45.566864,53.802597
2025-12-29 20:00:00,40.705154,37.738132,42.635746
2025-12-29 21:00:00,36.13185,33.66069,39.15418
2025-12-29 22:00:00,32.105198,30.307295,34.36573
2025-12-29 23:00:00,29.040298,27.333359,31.51189
2025-12-30 00:00:00,24.846617,23.26266,26.880049
2025-12-30 01:00:00,24.38438,22.408354,26.319616
2025-12-30 02:00:00,25.321892,24.071844,27.050486
2025-12-30 03:00:00,25.865828,24.456944,27.407034
2025-12-30 04:00:00,26.250874,24.374264,28.184088
2025-12-30 05:00:00,28.445358,26.883072,30.358114
2025-12-30 06:00:00,31.59854,29.439692,33.20319
2025-12-30 07:00:00,36.78474,34.086143,38.88055
2025-12-30 08:00:00,43.344715,40.75488,45.055702
2025-12-30 09:00:00,47.762543,44.072662,49.981487
2025-12-30 10:00:00,58.6763,54.117085,60.28409
2025-12-30 11:00:00,67.483665,61.642723,71.42627
2025-12-30 12:00:00,78.13616,71.641685,83.181656
2025-12-30 13:00:00,81.94226,74.881355,86.87868
2025-12-30 14:00:00,83.36875,77.11523,86.58397
2025-12-30 15:00:00,79.836914,73.75892,84.55272
2025-12-30 16:00:00,73.1208,67.97152,77.94565
2025-12-30 17:00:00,67.62012,60.909492,73.69288
2025-12-30 18:00:00,58.43216,54.264805,64.97345
2025-12-30 19:00:00,50.95435,46.540756,56.840996
2025-12-30 20:00:00,42.542877,39.793907,44.681755
2025-12-30 21:00:00,36.22415,33.426514,39.05837
2025-12-30 22:00:00,31.450916,29.262266,34.04447
2025-12-30 23:00:00,28.366064,26.793377,30.507017
2025-12-31 00:00:00,23.886978,22.198572,25.759565
2025-12-31 01:00:00,23.865593,22.570856,26.387102
2025-12-31 02:00:00,24.486069,22.876749,26.159716
2025-12-31 03:00:00,25.61486,24.193998,27.26694
2025-12-31 04:00:00,26.208405,24.105848,27.67252
2025-12-31 05:00:00,27.806246,26.087952,29.275232
2025-12-31 06:00:00,30.408165,28.247423,32.07232
2025-12-31 07:00:00,35.548637,34.01128,38.34045
2025-12-31 08:00:00,41.08814,39.31257,43.28706
2025-12-31 09:00:00,48.62821,45.89357,53.107067
2025-12-31 10:00:00,58.824196,54.100277,61.505623
2025-12-31 11:00:00,70.363235,65.60679,75.40327
2025-12-31 12:00:00,75.819534,71.65564,83.271675
2025-12-31 13:00:00,79.29252,74.738014,83.57695
2025-12-31 14:00:00,80.83706,72.55178,85.04627
2025-12-31 15:00:00,77.75726,68.65754,83.19953
2025-12-31 16:00:00,71.79457,65.85674,75.33537
2025-12-31 17:00:00,63.68812,58.869987,68.14327
2025-12-31 18:00:00,57.463825,52.219707,61.908348
2025-12-31 19:00:00,49.189396,45.621075,54.586597
2025-12-31 20:00:00,42.226887,39.277245,44.67046
2025-12-31 21:00:00,35.637276,32.4767,37.841682
2025-12-31 22:00:00,30.948986,28.534664,32.79052
2025-12-31 23:00:00,26.892742,24.761965,28.59172
